dteday,temp_degrees_c,windspeed,cnt
2011-01-01,8.175849000000001,0.160446,985
2011-01-02,9.083466,0.248539,801
2011-01-03,1.229108,0.248309,1349
2011-01-04,1.4000000000000004,0.160296,1562
2011-01-05,2.6669790000000013,0.1869,1600
2011-01-06,1.6043559999999992,0.0895652,1606
2011-01-07,1.236534000000001,0.168726,1510
2011-01-08,-0.2449999999999992,0.266804,959
2011-01-09,-1.4983490000000008,0.36195,822
2011-01-10,-0.9108490000000008,0.223267,1321
2011-01-11,-0.05272299999999941,0.122132,1263
2011-01-12,0.11816899999999995,0.304627,1162
2011-01-13,-0.2449999999999992,0.301,1406
2011-01-14,-0.43910999999999945,0.126548,1421
2011-01-15,2.966650999999999,0.15796300000000002,1248
2011-01-16,2.8883490000000003,0.188433,1204
2011-01-17,0.264151,0.194017,1000
2011-01-18,2.183349,0.146775,683
2011-01-19,5.732177999999998,0.208317,1650
2011-01-20,4.298349,0.195904,1927
2011-01-21,0.34249999999999936,0.353242,1543
2011-01-22,-5.2208712,0.17197,981
2011-01-23,-3.4634801,0.2466,986
2011-01-24,-3.4226089,0.15833,1416
2011-01-25,2.5034660000000013,0.129796,1985
2011-01-26,2.2225,0.29385,506
2011-01-27,1.1650000000000011,0.113837,431
2011-01-28,1.563466,0.1233,1167
2011-01-29,1.236534000000001,0.14536500000000002,1098
2011-01-30,2.176534,0.0739826,1096
2011-01-31,0.4991509999999994,0.187192,1501
2011-02-01,1.032178,0.053213,1360
2011-02-02,4.2200000000000015,0.264308,1526
2011-02-03,0.7869789999999988,0.277752,1550
2011-02-04,1.9312880000000003,0.127839,1708
2011-02-05,2.966650999999999,0.161079,1005
2011-02-06,5.434151,0.1418,1623
2011-02-07,4.768348999999999,0.045408300000000006,1712
2011-02-08,2.379151,0.36195,1530
2011-02-09,-1.6651990000000003,0.188839,1605
2011-02-10,-1.2156440000000002,0.221935,1538
2011-02-11,0.8872770000000011,0.10855,1746
2011-02-12,2.4575,0.203367,1472
2011-02-13,6.876534,0.260883,1589
2011-02-14,11.505,0.417908,1913
2011-02-15,4.5060889999999985,0.291374,1815
2011-02-16,6.958267000000001,0.251791,2115
2011-02-17,12.484150999999995,0.230104,2475
2011-02-18,16.518349,0.264925,2927
2011-02-19,10.760849,0.507463,1635
2011-02-20,5.405199,0.223235,1812
2011-02-21,6.2566510000000015,0.307846,1107
2011-02-22,0.5644340000000003,0.195683,1450
2011-02-23,2.421733,0.094113,1917
2011-02-24,5.895644000000001,0.250496,1807
2011-02-25,9.124356,0.346539,1461
2011-02-26,5.277499999999998,0.186571,1969
2011-02-27,8.143466,0.125248,2402
2011-02-28,11.141831,0.289686,1446
2011-03-01,4.5333489999999985,0.216425,1851
2011-03-02,7.745000000000001,0.307833,2134
2011-03-03,1.3216509999999992,0.225754,1685
2011-03-04,4.298349,0.203346,1944
2011-03-05,10.055848999999998,0.251871,2077
2011-03-06,9.696534,0.343287,605
2011-03-07,4.3017330000000005,0.341352,1872
2011-03-08,5.747499999999999,0.12065,2133
2011-03-09,5.9041510000000015,0.22015,1891
2011-03-10,10.287277,0.261877,623
2011-03-11,6.876534,0.23297,1977
2011-03-12,7.4708489999999985,0.220775,2132
2011-03-13,10.064356,0.270604,2417
2011-03-14,7.285199000000002,0.136926,2046
2011-03-15,6.9173769999999974,0.184309,2056
2011-03-16,9.165199,0.203117,2192
2011-03-17,11.505,0.209579,2744
2011-03-18,17.380000000000006,0.231017,3239
2011-03-19,14.2075,0.368167,3117
2011-03-20,7.627500000000001,0.207721,2471
2011-03-21,12.230445,0.288783,2077
2011-03-22,12.758349000000004,0.22575,2703
2011-03-23,8.306979000000002,0.234261,2121
2011-03-24,5.395,0.243787,1865
2011-03-25,4.415849,0.230725,2210
2011-03-26,4.494150999999999,0.209571,2496
2011-03-27,3.893020999999997,0.1843,1693
2011-03-28,4.424356000000001,0.212204,2028
2011-03-29,6.2174999999999985,0.226996,2425
2011-03-30,6.1,0.172888,1536
2011-03-31,4.611651,0.217646,1685
2011-04-01,6.1,0.258708,2227
2011-04-02,6.805,0.197146,2252
2011-04-03,9.781651,0.182213,3249
2011-04-04,18.946651,0.385571,3115
2011-04-05,11.465849,0.388067,1795
2011-04-06,10.369151,0.263063,2808
2011-04-07,12.5625,0.16231199999999998,3141
2011-04-08,7.784151,0.226992,1471
2011-04-09,8.0975,0.13308299999999998,2455
2011-04-10,12.053349,0.146767,2895
2011-04-11,19.995644,0.324474,3348
2011-04-12,15.617499999999994,0.274879,2034
2011-04-13,11.3875,0.25061700000000003,2162
2011-04-14,13.9725,0.1107,3267
2011-04-15,12.993348999999998,0.226375,3126
2011-04-16,12.249150999999998,0.340808,795
2011-04-17,13.463349,0.303496,3744
2011-04-18,16.0875,0.16356700000000002,3429
2011-04-19,15.774151000000002,0.157971,3204
2011-04-20,19.965,0.241925,3944
2011-04-21,13.580848999999999,0.325258,4189
2011-04-22,7.823349,0.219521,1683
2011-04-23,13.62,0.230725,4036
2011-04-24,19.338348999999997,0.192175,4191
2011-04-25,20.513349,0.185333,4073
2011-04-26,21.688349,0.3265,4400
2011-04-27,21.14,0.3122,3872
2011-04-28,21.0225,0.320908,4058
2011-04-29,15.97,0.240063,4595
2011-04-30,14.2075,0.235075,5312
2011-05-01,13.228348999999998,0.106354,3351
2011-05-02,17.810848999999994,0.183454,4401
2011-05-03,20.983349,0.342667,4451
2011-05-04,11.465849,0.328996,2633
2011-05-05,13.580848999999999,0.295392,4433
2011-05-06,14.520849000000002,0.228246,4608
2011-05-07,16.44,0.16045,4714
2011-05-08,16.831650999999994,0.0746375,4333
2011-05-09,17.0275,0.17600000000000002,4362
2011-05-10,17.0275,0.115671,4803
2011-05-11,17.4975,0.120642,4182
2011-05-12,17.145000000000003,0.189667,4864
2011-05-13,16.0875,0.179725,4105
2011-05-14,16.479150999999998,0.13495,3409
2011-05-15,18.4375,0.152979,4553
2011-05-16,19.1425,0.126871,3958
2011-05-17,18.398349,0.277354,4123
2011-05-18,17.85,0.201492,3855
2011-05-19,16.949151,0.10821300000000003,4575
2011-05-20,17.223349,0.125013,4917
2011-05-21,20.317500000000006,0.12065,5805
2011-05-22,20.395849,0.148008,4660
2011-05-23,21.688349,0.233842,4274
2011-05-24,23.020000000000003,0.207092,4492
2011-05-25,23.059151,0.15423299999999998,4978
2011-05-26,25.291651,0.199642,4677
2011-05-27,24.038349000000004,0.240679,4679
2011-05-28,22.824151,0.230092,4758
2011-05-29,23.3725,0.213938,4788
2011-05-30,26.466651000000002,0.131225,4098
2011-05-31,28.425000000000004,0.111329,3982
2011-06-01,27.915848999999998,0.207092,3974
2011-06-02,25.605,0.292287,4968
2011-06-03,21.14,0.253121,5312
2011-06-04,21.845,0.123142,5342
2011-06-05,22.471651,0.138692,4906
2011-06-06,23.881651,0.121896,4548
2011-06-07,25.2525,0.187808,4833
2011-06-08,28.464151,0.136817,4401
2011-06-09,29.991651,0.149883,3915
2011-06-10,27.485,0.14055399999999998,4586
2011-06-11,26.075,0.15485,4966
2011-06-12,24.5475,0.16356700000000002,4460
2011-06-13,21.845,0.30535,5020
2011-06-14,20.395849,0.269283,4891
2011-06-15,21.453349,0.16791199999999998,5180
2011-06-16,21.531651,0.206471,3767
2011-06-17,22.510849000000004,0.143029,4844
2011-06-18,24.743349,0.119408,5119
2011-06-19,24.860848999999998,0.102,4744
2011-06-20,21.845,0.155475,4010
2011-06-21,23.999151,0.171025,4835
2011-06-22,26.466651000000002,0.172262,4507
2011-06-23,26.231651,0.238804,4790
2011-06-24,26.035849,0.222025,4991
2011-06-25,24.665,0.209571,5202
2011-06-26,23.96,0.0945333,5305
2011-06-27,24.0775,0.10758800000000003,4708
2011-06-28,26.975849000000004,0.144283,4648
2011-06-29,26.231651,0.261821,5225
2011-06-30,24.743349,0.185312,5515
2011-07-01,25.957500000000003,0.102608,5362
2011-07-02,26.701651000000002,0.11506199999999997,5119
2011-07-03,25.683349,0.228858,4649
2011-07-04,26.153349,0.08147919999999999,6043
2011-07-05,27.093349,0.12625799999999998,4665
2011-07-06,25.84,0.149883,4629
2011-07-07,27.25,0.1592,4592
2011-07-08,25.330849,0.225129,4040
2011-07-09,26.466651000000002,0.16791199999999998,5336
2011-07-10,27.1325,0.183471,4881
2011-07-11,27.8375,0.282337,4086
2011-07-12,29.325849,0.200254,4258
2011-07-13,27.093349,0.146133,4342
2011-07-14,23.999151,0.240667,5084
2011-07-15,23.176651,0.182833,5538
2011-07-16,24.273349000000003,0.208342,5923
2011-07-17,25.800849,0.245033,5302
2011-07-18,27.093349,0.215804,4458
2011-07-19,28.503349,0.1306,4541
2011-07-20,28.111651,0.113817,4332
2011-07-21,30.305,0.222021,3784
2011-07-22,31.871651,0.1331,3387
2011-07-23,31.910849,0.131221,3285
2011-07-24,31.01,0.16917100000000002,3606
2011-07-25,26.936651,0.0908083,3840
2011-07-26,28.268349,0.200258,4590
2011-07-27,28.425000000000004,0.183463,4656
2011-07-28,28.620849,0.178479,4390
2011-07-29,31.401651,0.174138,3846
2011-07-30,29.795849,0.168537,4475
2011-07-31,29.874151,0.16481300000000002,4302
2011-08-01,28.268349,0.156717,4266
2011-08-02,28.816651,0.20585,4845
2011-08-03,26.388349,0.13558299999999998,3574
2011-08-04,25.37,0.19715,4576
2011-08-05,25.409151,0.184696,4866
2011-08-06,25.683349,0.22825,4294
2011-08-07,26.8975,0.201487,3785
2011-08-08,27.955,0.192175,4326
2011-08-09,28.425000000000004,0.151121,4602
2011-08-10,28.033348999999998,0.200258,4780
2011-08-11,25.722500000000004,0.164796,4792
2011-08-12,25.291651,0.125621,4905
2011-08-13,24.234151000000004,0.211454,4150
2011-08-14,23.803349,0.222633,3820
2011-08-15,23.294151,0.208954,4338
2011-08-16,24.939151000000006,0.236329,4725
2011-08-17,25.996651,0.14366700000000002,4694
2011-08-18,25.448349,0.233208,3805
2011-08-19,24.195,0.139308,4153
2011-08-20,24.7825,0.104467,5191
2011-08-21,25.409151,0.248754,3873
2011-08-22,24.508349000000006,0.27675,4758
2011-08-23,22.119151000000002,0.146763,5895
2011-08-24,23.646651000000002,0.253108,5130
2011-08-25,24.155849,0.210833,3542
2011-08-26,24.9,0.0839625,4661
2011-08-27,23.96,0.375617,1115
2011-08-28,25.231773,0.304659,4334
2011-08-29,21.923349,0.159825,4634
2011-08-30,22.040848999999998,0.12500799999999998,5204
2011-08-31,22.863349,0.08333330000000001,5058
2011-09-01,22.785,0.141796,5115
2011-09-02,22.236651,0.139929,4727
2011-09-03,23.450849,0.185325,4484
2011-09-04,25.330849,0.206467,4940
2011-09-05,23.646651000000002,0.212696,3351
2011-09-06,17.380000000000006,0.343943,2710
2011-09-07,20.160849,0.0970208,1996
2011-09-08,21.793910999999998,0.192748,1842
2011-09-09,22.55,0.124379,3544
2011-09-10,23.020000000000003,0.153608,5345
2011-09-11,22.706651,0.115054,5046
2011-09-12,22.284355999999995,0.088913,4713
2011-09-13,22.589151,0.141804,4763
2011-09-14,23.646651000000002,0.1673,4785
2011-09-15,19.1425,0.271146,3659
2011-09-16,14.050849,0.164183,4760
2011-09-17,15.108348999999999,0.189675,4511
2011-09-18,15.8525,0.178483,4274
2011-09-19,17.810848999999994,0.15174200000000002,4539
2011-09-20,18.398349,0.134954,3641
2011-09-21,19.965,0.0964042,4352
2011-09-22,21.531651,0.128125,4795
2011-09-23,20.630848999999998,0.0783667,2395
2011-09-24,20.513349,0.0783833,5423
2011-09-25,21.805849,0.0503792,5010
2011-09-26,22.510849000000004,0.1107,4630
2011-09-27,21.923349,0.118171,4120
2011-09-28,21.845,0.14862899999999998,3907
2011-09-29,20.983349,0.17288299999999998,4839
2011-09-30,18.515849,0.206475,5202
2011-10-01,11.27,0.292296,2429
2011-10-02,8.763349000000002,0.222013,2918
2011-10-03,10.055848999999998,0.08334580000000001,3570
2011-10-04,14.755849,0.205854,4456
2011-10-05,17.301650999999996,0.17725,4826
2011-10-06,15.225848999999998,0.134954,4765
2011-10-07,16.009151,0.0223917,4985
2011-10-08,16.518349,0.0454042,5409
2011-10-09,17.419151,0.06345,5511
2011-10-10,18.829151000000003,0.0423042,5117
2011-10-11,18.633349000000006,0.143042,4563
2011-10-12,17.536651000000003,0.24815,2416
2011-10-13,19.690849,0.141787,2913
2011-10-14,17.889151000000005,0.223883,3644
2011-10-15,15.813349,0.258083,5217
2011-10-16,16.048348999999998,0.281717,5041
2011-10-17,17.105849000000006,0.175379,4570
2011-10-18,17.0275,0.110087,4748
2011-10-19,17.461733000000002,0.243339,2424
2011-10-20,14.364151000000001,0.422275,4195
2011-10-21,12.0925,0.221396,4304
2011-10-22,11.857499999999998,0.0926667,4308
2011-10-23,11.818349,0.0995125,4381
2011-10-24,13.776651,0.118792,4187
2011-10-25,14.168349,0.166658,4687
2011-10-26,14.755849,0.148642,3894
2011-10-27,14.09,0.197763,2659
2011-10-28,7.549150999999999,0.229479,3747
2011-10-29,3.9458490000000013,0.351371,627
2011-10-30,7.000849000000002,0.176617,3331
2011-10-31,7.98,0.10635,3669
2011-11-01,10.839151,0.135571,4068
2011-11-02,9.7425,0.08209169999999999,4186
2011-11-03,11.191651,0.136817,3974
2011-11-04,10.956650999999999,0.271779,4046
2011-11-05,7.353349000000001,0.189062,3926
2011-11-06,8.371651,0.0920542,3649
2011-11-07,10.565,0.057225,4035
2011-11-08,11.191651,0.0690375,4205
2011-11-09,10.8,0.06219580000000001,4109
2011-11-10,9.86,0.189067,2933
2011-11-11,7.235849000000001,0.314675,3368
2011-11-12,8.763349000000002,0.212062,4067
2011-11-13,12.719151,0.281721,3717
2011-11-14,16.91,0.306596,4486
2011-11-15,16.91,0.199633,4195
2011-11-16,13.463349,0.136829,1817
2011-11-17,8.058349,0.305362,3053
2011-11-18,4.885848999999999,0.168533,3392
2011-11-19,7.4708489999999985,0.224496,3663
2011-11-20,13.776651,0.18595,3520
2011-11-21,13.0325,0.138054,2765
2011-11-22,11.583349000000002,0.118792,1607
2011-11-23,12.719151,0.335825,2566
2011-11-24,9.546650999999997,0.167304,1495
2011-11-25,9.625,0.0988958,2792
2011-11-26,9.664150999999999,0.0684208,3068
2011-11-27,13.580848999999999,0.208954,3071
2011-11-28,15.663466,0.142122,3867
2011-11-29,13.541650999999998,0.258092,2914
2011-11-30,7.275,0.271158,3613
2011-12-01,6.6875,0.220158,3727
2011-12-02,6.765849000000001,0.100754,3940
2011-12-03,6.060849000000001,0.0957833,3614
2011-12-04,7.549150999999999,0.08395830000000001,3485
2011-12-05,10.134151,0.062208300000000015,3811
2011-12-06,13.7375,0.232583,2594
2011-12-07,11.27,0.266175,705
2011-12-08,4.494150999999999,0.240058,3322
2011-12-09,5.669151000000001,0.08271669999999999,3620
2011-12-10,4.925000000000002,0.233221,3190
2011-12-11,2.379151,0.0665417,2743
2011-12-12,3.201651,0.06345,3310
2011-12-13,5.277499999999998,0.14055,3523
2011-12-14,6.9224999999999985,0.060958300000000014,3740
2011-12-15,11.857499999999998,0.268042,3709
2011-12-16,9.625,0.260575,3577
2011-12-17,4.141651,0.243167,2739
2011-12-18,3.201651,0.169779,2431
2011-12-19,5.003349,0.172896,3403
2011-12-20,10.134151,0.061570800000000016,3750
2011-12-21,12.131651000000002,0.2214,2660
2011-12-22,11.896651000000002,0.047275,3068
2011-12-23,9.546650999999997,0.274246,2209
2011-12-24,6.2174999999999985,0.190304,1011
2011-12-25,4.9148010000000015,0.155091,754
2011-12-26,7.121732999999999,0.239465,1317
2011-12-27,7.275,0.18845,1162
2011-12-28,6.0591099999999996,0.29396100000000003,2302
2011-12-29,3.6716510000000007,0.119412,2423
2011-12-30,6.648349000000001,0.13433699999999998,2999
2011-12-31,11.27,0.220154,2485
2012-01-01,9.39,0.192167,2294
2012-01-02,4.833020999999999,0.329665,1951
2012-01-03,-0.9500000000000002,0.365671,2236
2012-01-04,-2.9475,0.1847,2368
2012-01-05,4.494150999999999,0.129987,3272
2012-01-06,7.705848999999999,0.167908,4098
2012-01-07,10.486650999999998,0.174758,4521
2012-01-08,7.862500000000002,0.191542,3425
2012-01-09,2.5358490000000007,0.0989,2376
2012-01-10,6.508712000000001,0.187552,3598
2012-01-11,4.885848999999999,0.131221,2177
2012-01-12,9.9775,0.180967,4097
2012-01-13,4.885848999999999,0.378108,3214
2012-01-14,0.4599999999999991,0.187183,2493
2012-01-15,-0.16665099999999988,0.251258,2311
2012-01-16,0.9299999999999996,0.231358,2298
2012-01-17,9.533020999999998,0.34913,2935
2012-01-18,6.2566510000000015,0.415429,3376
2012-01-19,0.9299999999999996,0.220158,3292
2012-01-20,2.2225,0.20275,3163
2012-01-21,0.14665099999999853,0.222642,1301
2012-01-22,-0.3624999999999998,0.199638,1977
2012-01-23,2.2616510000000005,0.110708,2432
2012-01-24,8.0975,0.123767,4339
2012-01-25,5.825849,0.161071,4270
2012-01-26,8.058349,0.07339580000000001,4075
2012-01-27,11.974999999999998,0.342667,3456
2012-01-28,6.844150999999997,0.210829,4023
2012-01-29,5.277499999999998,0.24005,3243
2012-01-30,4.650848999999999,0.215792,3624
2012-01-31,10.330000000000002,0.261817,4509
2012-02-01,14.050849,0.189067,4579
2012-02-02,10.760849,0.187187,3761
2012-02-03,6.726650999999999,0.17849600000000002,4151
2012-02-04,4.415849,0.121896,2832
2012-02-05,4.494150999999999,0.175996,2947
2012-02-06,5.282622999999999,0.1538,3784
2012-02-07,8.645849000000002,0.147379,4375
2012-02-08,4.063349000000001,0.133721,2802
2012-02-09,4.455,0.194037,3830
2012-02-10,5.1991510000000005,0.116929,3831
2012-02-11,2.5358490000000007,0.289796,2169
2012-02-12,-2.0075000000000003,0.409212,1529
2012-02-13,2.4575,0.167283,3422
2012-02-14,7.000849000000002,0.141179,3922
2012-02-15,8.371651,0.1816,4169
2012-02-16,6.883349000000001,0.091425,3005
2012-02-17,8.136650999999999,0.205846,4154
2012-02-18,8.293349000000001,0.190929,4318
2012-02-19,5.160000000000002,0.253112,2689
2012-02-20,5.160000000000002,0.229083,3129
2012-02-21,5.5278220000000005,0.205717,3777
2012-02-22,10.604150999999998,0.234471,4773
2012-02-23,13.345849,0.190913,5062
2012-02-24,11.1525,0.237567,3487
2012-02-25,5.669151000000001,0.421642,2732
2012-02-26,5.120849,0.205229,3389
2012-02-27,9.233349,0.268033,4322
2012-02-28,8.880849000000003,0.193417,4363
2012-02-29,8.184356000000001,0.179117,1834
2012-03-01,14.834151000000002,0.226987,4990
2012-03-02,8.606651,0.144904,3194
2012-03-03,11.465849,0.161079,4066
2012-03-04,7.314150999999999,0.334571,3423
2012-03-05,3.4366509999999995,0.228858,3333
2012-03-06,4.141651,0.200875,3956
2012-03-07,10.995849,0.345779,4916
2012-03-08,16.792499999999997,0.441563,5382
2012-03-09,11.309151,0.4148,4569
2012-03-10,5.512499999999998,0.22575,4118
2012-03-11,9.001732999999998,0.222587,4911
2012-03-12,13.933349,0.207713,5298
2012-03-13,18.555,0.23695,5847
2012-03-14,18.9075,0.11506199999999997,6312
2012-03-15,18.2025,0.149883,6192
2012-03-16,12.484150999999995,0.113192,4378
2012-03-17,16.165848999999998,0.110704,7836
2012-03-18,14.2075,0.126883,5892
2012-03-19,17.615000000000006,0.16231700000000002,6153
2012-03-20,18.359151,0.121271,6093
2012-03-21,16.988349,0.08955830000000001,6230
2012-03-22,18.045849,0.117562,6871
2012-03-23,20.278349,0.1163,8362
2012-03-24,15.617499999999994,0.192783,3372
2012-03-25,12.5625,0.220775,4996
2012-03-26,12.954151,0.386821,5558
2012-03-27,7.196650999999999,0.187192,5102
2012-03-28,14.755849,0.291671,5698
2012-03-29,15.225848999999998,0.31965,6133
2012-03-30,9.39,0.138067,5459
2012-03-31,11.935849,0.25061700000000003,6235
2012-04-01,12.014151000000002,0.172267,6041
2012-04-02,12.393911,0.312139,5936
2012-04-03,13.933349,0.100133,6772
2012-04-04,17.458349000000002,0.180975,6436
2012-04-05,12.445,0.219529,6457
2012-04-06,10.956650999999999,0.300388,6460
2012-04-07,12.5625,0.274871,6857
2012-04-08,15.5,0.232596,5169
2012-04-09,14.990848999999999,0.358196,5585
2012-04-10,12.993348999999998,0.249375,5918
2012-04-11,8.388712000000002,0.295274,4862
2012-04-12,10.6825,0.290429,5409
2012-04-13,12.7975,0.155471,6398
2012-04-14,15.265,0.190917,7460
2012-04-15,20.513349,0.225129,7132
2012-04-16,23.215849,0.284829,6370
2012-04-17,20.591651000000002,0.273629,6691
2012-04-18,13.776651,0.16791199999999998,4367
2012-04-19,15.421650999999995,0.0659292,6565
2012-04-20,16.753349,0.149871,7290
2012-04-21,18.79,0.283587,6624
2012-04-22,10.643349,0.344546,1027
2012-04-23,7.118348999999999,0.303496,3214
2012-04-24,11.426651,0.249383,5633
2012-04-25,14.403349,0.118792,6196
2012-04-26,15.421650999999995,0.176625,5026
2012-04-27,13.5025,0.347633,6233
2012-04-28,9.703349000000003,0.129975,4220
2012-04-29,13.541650999999998,0.116908,6304
2012-04-30,13.815848999999998,0.171638,5572
2012-05-01,20.826651,0.156096,5740
2012-05-02,18.515849,0.138058,6169
2012-05-03,18.320000000000004,0.133696,6421
2012-05-04,21.4925,0.162938,6296
2012-05-05,21.218349,0.15299200000000002,6883
2012-05-06,18.4375,0.14987899999999998,6359
2012-05-07,17.2625,0.230721,6273
2012-05-08,19.338348999999997,0.296029,5728
2012-05-09,19.025,0.216412,4717
2012-05-10,15.774151000000002,0.31406300000000004,6572
2012-05-11,17.066650999999997,0.236937,7030
2012-05-12,18.515849,0.123133,7429
2012-05-13,20.7875,0.225117,6118
2012-05-14,18.946651,0.212692,2843
2012-05-15,20.748349,0.147392,5115
2012-05-16,21.923349,0.122512,7424
2012-05-17,19.886651,0.229475,7384
2012-05-18,18.515849,0.136817,7639
2012-05-19,20.2,0.083975,8294
2012-05-20,21.179151,0.254367,7129
2012-05-21,20.121651,0.233204,4359
2012-05-22,20.905,0.118167,6073
2012-05-23,21.218349,0.102,5260
2012-05-24,22.785,0.172896,6770
2012-05-25,23.96,0.14055,6734
2012-05-26,24.5475,0.198992,6536
2012-05-27,24.43,0.215171,6591
2012-05-28,25.487500000000004,0.196521,6043
2012-05-29,25.957500000000003,0.2954,5743
2012-05-30,22.863349,0.134329,6855
2012-05-31,23.96,0.195279,7338
2012-06-01,22.745849000000003,0.237563,4127
2012-06-02,19.416651,0.186562,8120
2012-06-03,20.317500000000006,0.184087,7641
2012-06-04,20.082500000000003,0.284833,6998
2012-06-05,17.419151,0.209575,7001
2012-06-06,18.045849,0.077125,7055
2012-06-07,20.317500000000006,0.15735,7494
2012-06-08,22.510849000000004,0.17538299999999998,7736
2012-06-09,25.409151,0.144287,7498
2012-06-10,26.153349,0.133721,6598
2012-06-11,25.879151,0.207713,6664
2012-06-12,22.706651,0.214546,4972
2012-06-13,22.824151,0.343279,7421
2012-06-14,22.471651,0.253733,7363
2012-06-15,22.040848999999998,0.176617,7665
2012-06-16,21.688349,0.166667,7702
2012-06-17,19.8475,0.144904,6978
2012-06-18,18.711651,0.174746,5099
2012-06-19,24.351651,0.148017,6825
2012-06-20,28.7775,0.11381199999999997,6211
2012-06-21,29.874151,0.118787,5905
2012-06-22,28.5425,0.182842,5823
2012-06-23,26.388349,0.179721,7458
2012-06-24,26.936651,0.145525,6891
2012-06-25,25.644150999999994,0.300383,6779
2012-06-26,21.649151,0.347642,7442
2012-06-27,24.7825,0.271775,7335
2012-06-28,27.210849000000003,0.17165,6879
2012-06-29,31.205849,0.165417,5463
2012-06-30,27.955,0.161071,5687
2012-07-01,30.344151000000004,0.16852899999999998,5531
2012-07-02,28.738349,0.195267,6227
2012-07-03,28.699151,0.126237,6660
2012-07-04,29.090849,0.13495,7403
2012-07-05,30.8925,0.194029,6241
2012-07-06,30.931651,0.146142,6207
2012-07-07,32.498349,0.163554,4840
2012-07-08,30.6575,0.125629,4672
2012-07-09,25.409151,0.180975,6569
2012-07-10,25.879151,0.15173699999999998,6290
2012-07-11,25.683349,0.15173299999999998,7264
2012-07-12,25.644150999999994,0.146775,7446
2012-07-13,26.388349,0.08085,7499
2012-07-14,25.056651,0.143679,6969
2012-07-15,27.054151,0.166667,6031
2012-07-16,27.876651000000006,0.164187,6830
2012-07-17,30.461651,0.114429,6786
2012-07-18,29.286651000000003,0.137442,5713
2012-07-19,28.19,0.165429,6591
2012-07-20,23.294151,0.208967,5870
2012-07-21,20.004151,0.2133,4459
2012-07-22,23.3725,0.0939208,7410
2012-07-23,26.858349,0.138683,6966
2012-07-24,27.289151,0.211454,7592
2012-07-25,26.035849,0.1648,8173
2012-07-26,28.503349,0.28481300000000004,6861
2012-07-27,28.738349,0.15299200000000002,6904
2012-07-28,27.524151,0.15735,6685
2012-07-29,25.91834900000001,0.170396,6597
2012-07-30,26.349151000000003,0.153617,7105
2012-07-31,25.526651,0.165425,7216
2012-08-01,25.722500000000004,0.141179,7580
2012-08-02,27.3675,0.129354,7261
2012-08-03,27.994151,0.215792,7175
2012-08-04,29.286651000000003,0.257458,6824
2012-08-05,28.150848999999997,0.290421,5464
2012-08-06,27.3675,0.129354,7013
2012-08-07,26.584151000000002,0.116908,7273
2012-08-08,27.25,0.1107,7534
2012-08-09,27.524151,0.1561,7286
2012-08-10,25.644150999999994,0.238813,5786
2012-08-11,24.5475,0.206479,6299
2012-08-12,24.939151000000006,0.122512,6544
2012-08-13,25.879151,0.136212,6883
2012-08-14,26.153349,0.169158,6784
2012-08-15,25.213348999999997,0.169771,7347
2012-08-16,25.800849,0.141796,7605
2012-08-17,25.996651,0.231354,7148
2012-08-18,23.881651,0.177867,7865
2012-08-19,21.884151,0.08645,4549
2012-08-20,21.884151,0.12997899999999998,6530
2012-08-21,22.510849000000004,0.07277080000000001,7006
2012-08-22,23.3725,0.0702833,7375
2012-08-23,24.704151000000003,0.08459580000000001,7765
2012-08-24,25.0175,0.07214580000000001,7582
2012-08-25,23.098349,0.244408,6053
2012-08-26,22.706651,0.228858,5255
2012-08-27,25.056651,0.128733,6917
2012-08-28,26.231651,0.190925,7040
2012-08-29,24.195,0.112562,7697
2012-08-30,25.213348999999997,0.0771167,7713
2012-08-31,27.915848999999998,0.168533,7350
2012-09-01,27.406651000000004,0.113187,6140
2012-09-02,24.743349,0.06407080000000001,5810
2012-09-03,25.2525,0.151121,6034
2012-09-04,26.114151,0.236321,6864
2012-09-05,26.623349,0.187808,7112
2012-09-06,24.743349,0.142421,6203
2012-09-07,25.056651,0.171646,7504
2012-09-08,22.980849000000006,0.281104,5976
2012-09-09,20.67,0.224496,8227
2012-09-10,19.416651,0.258713,7525
2012-09-11,19.1425,0.0920542,7767
2012-09-12,20.160849,0.131846,7870
2012-09-13,20.7875,0.08272080000000001,7804
2012-09-14,21.766651000000003,0.103863,8009
2012-09-15,20.591651000000002,0.247521,8714
2012-09-16,19.26,0.0901833,7333
2012-09-17,19.299151,0.15174200000000002,6869
2012-09-18,21.296651,0.357587,4073
2012-09-19,17.9675,0.215175,7591
2012-09-20,17.693348999999998,0.118167,7720
2012-09-21,20.160849,0.154229,8167
2012-09-22,22.55,0.283583,8395
2012-09-23,16.870849000000003,0.223258,7907
2012-09-24,16.165848999999998,0.142404,7436
2012-09-25,17.85,0.236321,7538
2012-09-26,21.845,0.2444,7733
2012-09-27,22.55,0.13434200000000002,7393
2012-09-28,21.100849,0.164179,7415
2012-09-29,17.4975,0.227604,8555
2012-09-30,16.753349,0.134958,6889
2012-10-01,16.479150999999998,0.0908042,6778
2012-10-02,19.769151,0.104475,4639
2012-10-03,22.9025,0.0665458,7572
2012-10-04,22.9025,0.117546,7328
2012-10-05,20.905,0.10635,8156
2012-10-06,18.045849,0.268025,7965
2012-10-07,11.544151,0.14116199999999998,3510
2012-10-08,10.016651,0.189679,5478
2012-10-09,12.993348999999998,0.1903,6392
2012-10-10,16.165848999999998,0.187821,7691
2012-10-11,12.445,0.181596,7570
2012-10-12,12.5625,0.235092,7282
2012-10-13,10.486650999999998,0.146142,7109
2012-10-14,16.518349,0.278612,6639
2012-10-15,18.398349,0.296037,5875
2012-10-16,14.011651,0.182221,7534
2012-10-17,13.424150999999998,0.101371,7461
2012-10-18,16.557499999999994,0.236937,7509
2012-10-19,18.476651,0.134954,5424
2012-10-20,14.755849,0.117537,8090
2012-10-21,13.815848999999998,0.166054,6824
2012-10-22,14.912499999999998,0.08148330000000001,7058
2012-10-23,17.575848999999998,0.0945458,7466
2012-10-24,19.6125,0.07277919999999999,7693
2012-10-25,17.85,0.124375,7359
2012-10-26,17.654151000000002,0.132467,7444
2012-10-27,16.91,0.235692,7852
2012-10-28,14.4425,0.398008,4459
2012-10-29,12.68,0.3582,22
2012-10-30,6.954554000000003,0.213009,1096
2012-10-31,8.802499999999998,0.166667,5566
2012-11-01,9.194151000000002,0.157346,5986
2012-11-02,8.684999999999999,0.266175,5847
2012-11-03,8.136650999999999,0.270529,5138
2012-11-04,7.314150999999999,0.179108,5107
2012-11-05,7.000849000000002,0.236325,5259
2012-11-06,5.1991510000000005,0.173513,5686
2012-11-07,5.9041510000000015,0.304108,5035
2012-11-08,8.552177999999998,0.347835,5315
2012-11-09,8.998349000000003,0.214558,5992
2012-11-10,10.290848999999998,0.05784580000000001,6536
2012-11-11,11.779151,0.1275,6852
2012-11-12,14.794999999999998,0.173517,6269
2012-11-13,8.136650999999999,0.342046,4094
2012-11-14,5.5908489999999995,0.199625,5495
2012-11-15,7.118348999999999,0.15298699999999998,5445
2012-11-16,8.215,0.171025,5698
2012-11-17,7.275,0.179729,5629
2012-11-18,8.0975,0.227612,4669
2012-11-19,9.899151,0.235067,5499
2012-11-20,9.585849000000001,0.082725,5634
2012-11-21,8.606651,0.103246,5146
2012-11-22,7.98,0.05287080000000001,2425
2012-11-23,9.311650999999998,0.148021,3910
2012-11-24,5.081650999999999,0.376871,2277
2012-11-25,3.5541509999999987,0.1505,2424
2012-11-26,6.726650999999999,0.04665,5087
2012-11-27,5.708349,0.237562,3959
2012-11-28,5.943349000000001,0.210821,5260
2012-11-29,5.200890000000001,0.115522,5323
2012-11-30,6.021651,0.05847080000000001,5668
2012-12-01,6.021651,0.059704199999999985,5191
2012-12-02,8.3325,0.124379,4649
2012-12-03,13.267500000000002,0.08272080000000001,6234
2012-12-04,14.364151000000001,0.174129,6606
2012-12-05,12.601650999999999,0.324021,5729
2012-12-06,4.024151,0.174754,5375
2012-12-07,7.079151,0.1306,5008
2012-12-08,9.938349000000002,0.101379,5582
2012-12-09,10.055848999999998,0.157975,3228
2012-12-10,12.484150999999995,0.190308,5170
2012-12-11,8.606651,0.296037,5501
2012-12-12,5.9825,0.162937,5319
2012-12-13,5.9041510000000015,0.174129,5532
2012-12-14,5.238349,0.13122899999999998,5611
2012-12-15,7.235849000000001,0.10635,5047
2012-12-16,9.037499999999998,0.100742,3786
2012-12-17,10.486650999999998,0.0982583,4585
2012-12-18,11.309151,0.221404,5557
2012-12-19,7.627500000000001,0.184092,5267
2012-12-20,7.5100000000000025,0.132463,4128
2012-12-21,7.353349000000001,0.374383,3623
2012-12-22,4.494150999999999,0.407346,1749
2012-12-23,3.5541509999999987,0.13308299999999998,1787
2012-12-24,2.8712880000000003,0.07723039999999999,920
2012-12-25,5.691288,0.168726,1013
2012-12-26,3.4366509999999995,0.316546,441
2012-12-27,3.9458490000000013,0.350133,2114
2012-12-28,3.9066509999999983,0.155471,3095
2012-12-29,3.9066509999999983,0.124383,1341
2012-12-30,4.024151,0.350754,1796
2012-12-31,2.144150999999999,0.154846,2729
